Workbook

Sheet Front Page
A1: Reference
A2: Name | B2: Fuel Bias
A3: Reference | B3: CMA-FORM-FOE-10
A4: Revision | B4: 6
A5: Date of revision | B5: 45729
A8: Approval record
A9: Role | B9: Name | C9: Position | D9: Date
A10: Editor | B10: Oleksandr PRYGARA | C10: Flight OPS Engineering Manager | D10: 45729
A11: Approver 1 | B11: Oleksandr PRYGARA | C11: Flight OPS Engineering Manager | D11: 45729
A12: Approver 2 | B12: - | C12: - | D12: -

Sheet READ ME

Sheet FHMRB
A1: AIRAC cycle | B1: Date | C1: %THRST REQD | D1: %FUEL FLOW | E1: Fuel Flow factor = -(%FM) | F1: Update ? | G1: Remarks | I1: Date of Event | J1: Position Y | K1: Event | M1: Date of Actual value | N1: Position/Value | O1: Actual value
A2: 2309 | B2: 45176 | C2: -0.017 | D2: 0.03 | E2: 0.015 | F2: YES | G2: Manual input | I2: 45211 | J2: 0.06 | K2: LH engine wash | M2: 45988 | N2: 0.024 | O2: 2512, actual value
A3: 2310 | B3: 45204 | C3: -0.018 | D3: 0.03 | E3: 0.015 | F3: NO | G3: Manual input | I3: 45259 | J3: 0.05 | K3: RH engine wash
A4: 2311 | B4: 45232 | C4: -0.018 | D4: 0.031 | E4: 0.016 | F4: NO | G4: Manual input | I4: 45324 | J4: 0.04 | K4: Dual engine wash
A5: 2312 | B5: 45260 | C5: -0.017 | D5: 0.032 | E5: 0.016 | F5: YES | I5: 45394 | J5: 0.05 | K5: RH engine + Airframe wash
A6: 2408 | B6: 45512 | C6: -0.019 | D6: 0.032 | E6: 0.016 | F6: NO | I6: 45413 | J6: 0.07 | K6: New line maintenance provider
A7: 2409 | B7: 45540 | C7: -0.018 | D7: 0.032 | E7: 0.016 | F7: NO | I7: 45450 | J7: 0.06 | K7: LH engine wash
A8: 2410 | B8: 45568 | C8: -0.018 | D8: 0.032 | E8: 0.016 | F8: YES | I8: 45664 | J8: 0.07 | K8: RH engine wash
A9: 2411 | B9: 45596 | C9: -0.019 | D9: 0.033 | E9: 0.017 | F9: NO | I9: 45706 | J9: 0.06 | K9: LH engine wash
A10: 2412 | B10: 45624 | C10: -0.019 | D10: 0.033 | E10: 0.017 | F10: NO
A11: 2413 | B11: 45652 | C11: -0.018 | D11: 0.035 | E11: 0.018 | F11: YES
A12: 2501 | B12: 45680 | C12: -0.017 | D12: 0.037 | E12: 0.02 | F12: NO
A13: 2502 | B13: 45708 | C13: -0.016 | D13: 0.042 | E13: 0.024 | F13: YES | G13: Previous value incorrect: 1.5%. Correct value updated in the table
A14: 2503 | B14: 45736 | C14: -0.015 | D14: 0.042 | E14: 0.025 | F14: YES | G14: Update done (2.5-1.5>0.3) since 2502 value was incorrect. Correction taken into account in the "Update ?" column computation
A15: 2504 | B15: 45764 | C15: -0.015 | D15: 0.041 | E15: 0.024 | F15: NO
A16: 2505 | B16: 45792 | C16: -0.014 | D16: 0.038 | E16: 0.022 | F16: NO
A17: 2506 | B17: 45820 | C17: -0.014 | D17: 0.038 | E17: 0.022 | F17: YES
A18: 2507 | B18: 45848 | C18: -0.014 | D18: 0.038 | E18: 0.022 | F18: NO
A19: 2508 | B19: 45876 | C19: -0.014 | D19: 0.038 | E19: 0.021 | F19: NO
A20: 2509 | B20: 45904 | C20: -0.014 | D20: 0.038 | E20: 0.022 | F20: YES
A21: 2510 | B21: 45932 | C21: -0.015 | D21: 0.039 | E21: 0.022 | F21: NO
A22: 2511 | B22: 45960 | C22: -0.015 | D22: 0.04 | E22: 0.023 | F22: NO
A23: 2512 | B23: 45988 | C23: -0.017 | D23: 0.041 | E23: 0.024 | F23: YES

Sheet FHMRF
A1: AIRAC cycle | B1: Date | C1: %THRST REQD | D1: %FUEL FLOW | E1: Fuel Flow Factor = -(%FM) | F1: Update ? | G1: Remarks | I1: Date of Event | J1: Position Y | K1: Event | M1: Date of Actual value | N1: Position/Value | O1: Actual value
A2: 2308 | B2: 45148 | C2: -0.005 | D2: 0.035 | E2: 0.03 | F2: YES | I2: 44972 | J2: 0.06 | K2: RH engine wash | M2: 45988 | N2: 0.023 | O2: 2512, actual value
A3: 2309 | B3: 45176 | C3: -0.013 | D3: 0.035 | E3: 0.023 | F3: NO | I3: 45057 | J3: 0.05 | K3: A-check
A4: 2310 | B4: 45204 | C4: -0.013 | D4: 0.036 | E4: 0.024 | F4: NO | I4: 45177 | J4: 0.06 | K4: LH engine wash
A5: 2311 | B5: 45232 | C5: -0.013 | D5: 0.036 | E5: 0.025 | F5: YES | I5: 45232 | J5: 0.05 | K5: RH engine wash
A6: 2312 | B6: 45260 | C6: -0.013 | D6: 0.037 | E6: 0.025 | F6: NO | I6: 45296 | J6: 0.06 | K6: LH engine wash
A7: 2401 | B7: 45288 | C7: -0.013 | D7: 0.037 | E7: 0.025 | F7: NO | I7: 45338 | J7: 0.05 | K7: RH engine wash
A8: 2402 | B8: 45316 | C8: -0.012 | D8: 0.039 | E8: 0.028 | F8: YES | I8: 45401 | J8: 0.06 | K8: LH engine + Airframe wash
A9: 2403 | B9: 45344 | C9: -0.014 | D9: 0.038 | E9: 0.026 | F9: NO | I9: 45413 | J9: 0.07 | K9: New line maintenance provider
A10: 2404 | B10: 45372 | C10: -0.013 | D10: 0.041 | E10: 0.029 | F10: NO | I10: 45457 | J10: 0.05 | K10: RH engine wash
A11: 2405 | B11: 45400 | C11: -0.014 | D11: 0.039 | E11: 0.026 | F11: YES | I11: 45497 | J11: 0.055 | K11: LH engine wash
A12: 2406 | B12: 45428 | C12: -0.014 | D12: 0.038 | E12: 0.025 | F12: NO | I12: 45511 | J12: 0.045 | K12: RH engine wash
A13: 2407 | B13: 45456 | C13: -0.015 | D13: 0.036 | E13: 0.023 | F13: YES | I13: 45727 | J13: 0.06 | K13: LH engine wash
A14: 2408 | B14: 45512 | C14: -0.015 | D14: 0.032 | E14: 0.019 | F14: YES | I14: 45741 | J14: 0.05 | K14: RH engine wash
... A16: 2410 | B16: 45568 | C16: -0.015 | D16: 0.031 | E16: 0.018 | F16: NO | I16: 45979 | J16: 0.06 | K16: LH engine wash
A17: 2411 | B17: 45596 | C17: -0.016 | D17: 0.032 | E17: 0.018 | F17: YES
A18: 2412 | B18: 45624 | C18: -0.015 | D18: 0.033 | E18: 0.019 | F18: NO
A19: 2413 | B19: 45652 | C19: -0.014 | D19: 0.033 | E19: 0.019 | F19: YES | G19: Has been changed this airac cycle, taken into account in the computaion of the "Update ?" column
A20: 2501 | B20: 45680 | C20: -0.014 | D20: 0.034 | E20: 0.02 | F20: NO
A21: 2502 | B21: 45708 | C21: -0.012 | D21: 0.036 | E21: 0.023 | F21: NO | G21: Previous value here was erroneous, taken into account in the "Update ?" column computation
A22: 2503 | B22: 45736 | C22: -0.011 | D22: 0.037 | E22: 0.024 | F22: YES | G22: Taken into account in the "Update ?" column computation
A23: 2504 | B23: 45764 | C23: -0.011 | D23: 0.036 | E23: 0.023 | F23: YES | G23: Engine wash
A24: 2505 | B24: 45792 | C24: -0.012 | D24: 0.036 | E24: 0.022 | F24: NO
A25: 2506 | B25: 45820 | C25: -0.011 | D25: 0.035 | E25: 0.021 | F25: NO
A26: 2507 | B26: 45848 | C26: -0.011 | D26: 0.033 | E26: 0.02 | F26: YES
A27: 2508 | B27: 45876 | C27: -0.011 | D27: 0.033 | E27: 0.019 | F27: NO
A28: 2509 | B28: 45904 | C28: -0.011 | D28: 0.032 | E28: 0.019 | F28: NO
A29: 2510 | B29: 45932 | C29: -0.011 | D29: 0.031 | E29: 0.018 | F29: YES
A30: 2511 | B30: 45960 | C30: -0.011 | D30: 0.032 | E30: 0.019 | F30: NO
A31: 2512 | B31: 45988 | C31: -0.012 | D31: 0.037 | E31: 0.023 | F31: YES

Sheet FHMRO
A1: AIRAC cycle | B1: Date | C1: %THRST REQD | D1: %FUEL FLOW | E1: Fuel Flow factor = -(%FM) | F1: Update ? | G1: Remarks | I1: Date of Event | J1: Position Y | K1: Event | M1: Date of Actual value | N1: Position/Value | O1: Actual value
A2: 2507 | B2: 45848 | E2: 0.02 | F2: YES | G2: Reception avion : cost index set à 2 | M2: 45988 | N2: 0.014 | O2: 2507, actual value
A3: 2508 | B3: 45876 | E3: 0.02 | F3: NO | G3: Set à 2 en attendant d'avoir suffisemment de records
A4: 2509 | B4: 45904 | E4: 0.02 | F4: NO | G4: Set à 2 en attendant d'avoir suffisemment de records
A5: 2510 | B5: 45932 | E5: 0.02 | F5: NO | G5: Set à 2 en attendant d'avoir suffisemment de records
A6: 2511 | B6: 45960 | E6: 0.02 | F6: NO | G6: Mois prochain aura 5 mois de records, on pourra faire le calcul et le changement
A7: 2512 | B7: 45988 | C7: 0.005 | D7: 0.012 | E7: 0.014 | F7: YES

Sheet FHMRI
A1: Airac Cycle | B1: Date | C1: DSR 18590 | D1: SD 18590 | E1: DSR 18400 | F1: SD 18400 | G1: NR | H1: Monitored Perf Factor 18590 | I1: Monitored Perf Factor 18590 Rounded | J1: Monitored Perf Factor 18400 | K1: Monitored Perf Factor 18400 Rounded | L1: FMS Perf Factor | M1: OFP Perf Factor | N1: Update ? | O1: Remarks | Q1: Date of Event | R1: Position Y | S1: Event | U1: Date of Actual value | V1: Position/Value | W1: Actual value
A2: 2304 | B2: 45036 | C2: -1.108 | D2: 1.189 | E2: -0.087 | F2: 1.201 | G2: 21 | H2: =IF(C2="","",-C2) -> 1.108 | I2: =IF(H2="","",IF(H2<0,TRUNC(IF(H2="","",H2),1),ROUNDUP(IF(H2="","",H2),1))) -> 1.2 | J2: =IF(E2="","",-E2) -> 0.087 | K2: =IF(J2="","",IF(J2<0,TRUNC(IF(J2="","",J2),1),ROUNDUP(IF(J2="","",J2),1))) -> 0.1 | L2: =IF(K2="","",Constants!$A$3+K2) -> -0.9 | M2: =IF(I2="","",I2) -> 1.2 | N2: YES | Q2: 45118 | R2: 3 | S2: RH engine wash | U2: 45988 | V2: 0.1 | W2: 2512, actual value
A3: 2305 | B3: 45064 | C3: -1.111 | D3: 0.967 | E3: -0.09 | F3: 0.977 | G3: 37 | H3: =IF(C3="","",-C3) -> 1.111 | I3: =IF(H3="","",IF(H3<0,TRUNC(IF(H3="","",H3),1),ROUNDUP(IF(H3="","",H3),1))) -> 1.2 | J3: =IF(E3="","",-E3) -> 0.09 | K3: =IF(J3="","",IF(J3<0,TRUNC(IF(J3="","",J3),1),ROUNDUP(IF(J3="","",J3),1))) -> 0.1 | L3: =IF(K3="","",Constants!$A$3+K3) -> -0.9 | M3: =IF(I3="","",I3) -> 1.2 | N3: NO | Q3: 45118 | R3: -3 | S3: RH engine installed
A4: 2306 | B4: 45092 | C4: -0.98 | D4: 0.969 | E4: 0.043 | F4: 0.979 | G4: 81 | H4: =IF(C4="","",-C4) -> 0.98 | I4: =IF(H4="","",IF(H4<0,TRUNC(IF(H4="","",H4),1),ROUNDUP(IF(H4="","",H4),1))) -> 1 | J4: =IF(E4="","",-E4) -> -0.043 | K4: =IF(J4="","",IF(J4<0,TRUNC(IF(J4="","",J4),1),ROUNDUP(IF(J4="","",J4),1))) -> 0 | L4: =IF(K4="","",Constants!$A$3+K4) -> -1 | M4: =IF(I4="","",I4) -> 1 | N4: NO | Q4: 45240 | R4: -3 | S4: LH engine installed
A5: 2307 | B5: 45120 | C5: -0.949 | D5: 0.891 | E5: 0.074 | F5: 0.9 | G5: 86 | H5: =IF(C5="","",-C5) -> 0.949 | I5: =IF(H5="","",IF(H5<0,TRUNC(IF(H5="","",H5),1),ROUNDUP(IF(H5="","",H5),1))) -> 1 | J5: =IF(E5="","",-E5) -> -0.074 | K5: =IF(J5="","",IF(J5<0,TRUNC(IF(J5="","",J5),1),ROUNDUP(IF(J5="","",J5),1))) -> 0 | L5: =IF(K5="","",Constants!$A$3+K5) -> -1 | M5: =IF(I5="","",I5) -> 1 | N5: YES | Q5: 45333 | R5: 2.5 | S5: Dual engine wash
A6: 2308 | B6: 45148 | C6: -0.795 | D6: 0.895 | E6: 0.23 | F6: 0.904 | G6: 93 | H6: =IF(C6="","",-C6) -> 0.795 | I6: =IF(H6="","",IF(H6<0,TRUNC(IF(H6="","",H6),1),ROUNDUP(IF(H6="","",H6),1))) -> 0.8 | J6: =IF(E6="","",-E6) -> -0.23 | K6: =IF(J6="","",IF(J6<0,TRUNC(IF(J6="","",J6),1),ROUNDUP(IF(J6="","",J6),1))) -> -0.2 | L6: =IF(K6="","",Constants!$A$3+K6) -> -1.2 | M6: =IF(I6="","",I6) -> 0.8 | N6: NO | Q6: 45413 | R6: 6 | S6: New line maintenance provider
A7: 2309 | B7: 45176 | C7: -0.603 | D7: 0.974 | E7: 0.423 | F7: 0.974 | G7: 97 | H7: =IF(C7="","",-C7) -> 0.603 | I7: =IF(H7="","",IF(H7<0,TRUNC(IF(H7="","",H7),1),ROUNDUP(IF(H7="","",H7),1))) -> 0.7 | J7: =IF(E7="","",-E7) -> -0.423 | K7: =IF(J7="","",IF(J7<0,TRUNC(IF(J7="","",J7),1),ROUNDUP(IF(J7="","",J7),1))) -> -0.4 | L7: =IF(K7="","",Constants!$A$3+K7) -> -1.4 | M7: =IF(I7="","",I7) -> 0.7 | N7: YES | Q7: 45414 | R7: 4.5 | S7: Dual engine + Airframe wash
A8: 2310 | B8: 45204 | C8: -0.752 | D8: 1.015 | E8: 0.273 | F8: 1.026 | G8: 81 | H8: =IF(C8="","",-C8) -> 0.752 | I8: =IF(H8="","",IF(H8<0,TRUNC(IF(H8="","",H8),1),ROUNDUP(IF(H8="","",H8),1))) -> 0.8 | J8: =IF(E8="","",-E8) -> -0.273 | K8: =IF(J8="","",IF(J8<0,TRUNC(IF(J8="","",J8),1),ROUNDUP(IF(J8="","",J8),1))) -> -0.2 | L8: =IF(K8="","",Constants!$A$3+K8) -> -1.2 | M8: =IF(I8="","",I8) -> 0.8 | N8: NO | Q8: 45446 | R8: 3 | S8: RH engine wash
A9: 2311 | B9: 45232 | C9: -0.292 | D9: 0.728 | E9: 0.737 | F9: 0.735 | G9: 100 | H9: =IF(C9="","",-C9) -> 0.292 | I9: =IF(H9="","",IF(H9<0,TRUNC(IF(H9="","",H9),1),ROUNDUP(IF(H9="","",H9),1))) -> 0.3 | J9: =IF(E9="","",-E9) -> -0.737 | K9: =IF(J9="","",IF(J9<0,TRUNC(IF(J9="","",J9),1),ROUNDUP(IF(J9="","",J9),1))) -> -0.7 | L9: =IF(K9="","",Constants!$A$3+K9) -> -1.7 | M9: =IF(I9="","",I9) -> 0.3 | N9: YES | Q9: 45497 | R9: -4.5 | S9: RH engine removed
A10: 2312 | B10: 45260 | C10: -0.155 | D10: 0.683 | E10: 0.876 | F10: 0.69 | G10: 58 | H10: =IF(C10="","",-C10) -> 0.155 | I10: =IF(H10="","",IF(H10<0,TRUNC(IF(H10="","",H10),1),ROUNDUP(IF(H10="","",H10),1))) -> 0.2 | J10: =IF(E10="","",-E10) -> -0.876 | K10: =IF(J10="","",IF(J10<0,TRUNC(IF(J10="","",J10),1),ROUNDUP(IF(J10="","",J10),1))) -> -0.8 | L10: =IF(K10="","",Constants!$A$3+K10) -> -1.8 | M10: =IF(I10="","",I10) -> 0.2 | N10: NO | Q10: 45507 | R10: -3.5 | S10: RH engine installed
A11: 2313 | B11: 45288 | C11: -0.334 | D11: 0.847 | E11: 0.695 | F11: 0.856 | G11: 82 | H11: =IF(C11="","",-C11) -> 0.334 | I11: =IF(H11="","",IF(H11<0,TRUNC(IF(H11="","",H11),1),ROUNDUP(IF(H11="","",H11),1))) -> 0.4 | J11: =IF(E11="","",-E11) -> -0.695 | K11: =IF(J11="","",IF(J11<0,TRUNC(IF(J11="","",J11),1),ROUNDUP(IF(J11="","",J11),1))) -> -0.6 | L11: =IF(K11="","",Constants!$A$3+K11) -> -1.6 | M11: =IF(I11="","",I11) -> 0.4 | N11: NO | Q11: 45562 | R11: -3 | S11: RH engine swap
A12: 2401 | B12: 45316 | C12: -0.551 | D12: 0.952 | E12: 0.476 | F12: 0.962 | G12: 43 | H12: =IF(C12="","",-C12) -> 0.551 | I12: =IF(H12="","",IF(H12<0,TRUNC(IF(H12="","",H12),1),ROUNDUP(IF(H12="","",H12),1))) -> 0.6 | J12: =IF(E12="","",-E12) -> -0.476 | K12: =IF(J12="","",IF(J12<0,TRUNC(IF(J12="","",J12),1),ROUNDUP(IF(J12="","",J12),1))) -> -0.4 | L12: =IF(K12="","",Constants!$A$3+K12) -> -1.4 | M12: =IF(I12="","",I12) -> 0.6 | N12: YES | Q12: 45589 | R12: 5 | S12: RH engine wash
A13: 2402 | B13: 45344 | C13: -0.4 | D13: 0.768 | E13: 0.628 | F13: 0.776 | G13: 50 | H13: =IF(C13="","",-C13) -> 0.4 | I13: =IF(H13="","",IF(H13<0,TRUNC(IF(H13="","",H13),1),ROUNDUP(IF(H13="","",H13),1))) -> 0.4 | J13: =IF(E13="","",-E13) -> -0.628 | K13: =IF(J13="","",IF(J13<0,TRUNC(IF(J13="","",J13),1),ROUNDUP(IF(J13="","",J13),1))) -> -0.6 | L13: =IF(K13="","",Constants!$A$3+K13) -> -1.6 | M13: =IF(I13="","",I13) -> 0.4 | N13: NO | Q13: 45601 | R13: 4 | S13: LH engine wash
A14: 2403 | B14: 45372 | C14: -0.436 | D14: 0.961 | E14: 0.592 | F14: 0.971 | G14: 73 | H14: =IF(C14="","",-C14) -> 0.436 | I14: =IF(H14="","",IF(H14<0,TRUNC(IF(H14="","",H14),1),ROUNDUP(IF(H14="","",H14),1))) -> 0.5 | J14: =IF(E14="","",-E14) -> -0.592 | K14: =IF(J14="","",IF(J14<0,TRUNC(IF(J14="","",J14),1),ROUNDUP(IF(J14="","",J14),1))) -> -0.5 | L14: =IF(K14="","",Constants!$A$3+K14) -> -1.5 | M14: =IF(I14="","",I14) -> 0.5 | N14: NO | Q14: 45659 | R14: -4 | S14: RH engine swap
A15: 2404 | B15: 45400 | C15: -0.564 | D15: 0.926 | E15: 0.463 | F15: 0.935 | G15: 82 | H15: =IF(C15="","",-C15) -> 0.564 | I15: =IF(H15="","",IF(H15<0,TRUNC(IF(H15="","",H15),1),ROUNDUP(IF(H15="","",H15),1))) -> 0.6 | J15: =IF(E15="","",-E15) -> -0.463 | K15: =IF(J15="","",IF(J15<0,TRUNC(IF(J15="","",J15),1),ROUNDUP(IF(J15="","",J15),1))) -> -0.4 | L15: =IF(K15="","",Constants!$A$3+K15) -> -1.4 | M15: =IF(I15="","",I15) -> 0.6 | N15: YES | Q15: 45806 | R15: 3 | S15: LH engine wash
A16: 2405 | B16: 45428 | C16: -0.407 | D16: 0.931 | E16: 0.621 | F16: 0.941 | G16: 45 | H16: =IF(C16="","",-C16) -> 0.407 | I16: =IF(H16="","",IF(H16<0,TRUNC(IF(H16="","",H16),1),ROUNDUP(IF(H16="","",H16),1))) -> 0.5 | J16: =IF(E16="","",-E16) -> -0.621 | K16: =IF(J16="","",IF(J16<0,TRUNC(IF(J16="","",J16),1),ROUNDUP(IF(J16="","",J16),1))) -> -0.6 | L16: =IF(K16="","",Constants!$A$3+K16) -> -1.6 | M16: =IF(I16="","",I16) -> 0.5 | N16: NO
A17: 2406 | B17: 45456 | C17: -0.515 | D17: 0.97 | E17: 0.512 | F17: 0.98 | G17: 61 | H17: =IF(C17="","",-C17) -> 0.515 | I17: =IF(H17="","",IF(H17<0,TRUNC(IF(H17="","",H17),1),ROUNDUP(IF(H17="","",H17),1))) -> 0.6 | J17: =IF(E17="","",-E17) -> -0.512 | K17: =IF(J17="","",IF(J17<0,TRUNC(IF(J17="","",J17),1),ROUNDUP(IF(J17="","",J17),1))) -> -0.5 | L17: =IF(K17="","",Constants!$A$3+K17) -> -1.5 | M17: =IF(I17="","",I17) -> 0.6 | N17: NO
A18: 2407 | B18: 45484 | C18: -0.608 | D18: 0.967 | E18: 0.418 | F18: 0.977 | G18: 54 | H18: =IF(C18="","",-C18) -> 0.608 | I18: =IF(H18="","",IF(H18<0,TRUNC(IF(H18="","",H18),1),ROUNDUP(IF(H18="","",H18),1))) -> 0.7 | J18: =IF(E18="","",-E18) -> -0.418 | K18: =IF(J18="","",IF(J18<0,TRUNC(IF(J18="","",J18),1),ROUNDUP(IF(J18="","",J18),1))) -> -0.4 | L18: =IF(K18="","",Constants!$A$3+K18) -> -1.4 | M18: =IF(I18="","",I18) -> 0.7 | N18: YES
A19: 2408 | B19: 45512 | C19: -0.201 | D19: 1.038 | E19: 0.83 | F19: 1.049 | G19: 7 | H19: =IF(C19="","",-C19) -> 0.201 | I19: =IF(H19="","",IF(H19<0,TRUNC(IF(H19="","",H19),1),ROUNDUP(IF(H19="","",H19),1))) -> 0.3 | J19: =IF(E19="","",-E19) -> -0.83 | K19: =IF(J19="","",IF(J19<0,TRUNC(IF(J19="","",J19),1),ROUNDUP(IF(J19="","",J19),1))) -> -0.8 | L19: =IF(K19="","",Constants!$A$3+K19) -> -1.8 | M19: =IF(I19="","",I19) -> 0.3 | N19: YES
A20: 2409 | B20: 45540 | C20: 0.203 | D20: 0.645 | E20: 1.238 | F20: 0.652 | G20: 99 | H20: =IF(C20="","",-C20) -> -0.203 | I20: =IF(H20="","",IF(H20<0,TRUNC(IF(H20="","",H20),1),ROUNDUP(IF(H20="","",H20),1))) -> -0.2 | J20: =IF(E20="","",-E20) -> -1.238 | K20: =IF(J20="","",IF(J20<0,TRUNC(IF(J20="","",J20),1),ROUNDUP(IF(J20="","",J20),1))) -> -1.2 | L20: =IF(K20="","",Constants!$A$3+K20) -> -2.2 | M20: =IF(I20="","",I20) -> -0.2 | N20: YES
A21: 2410 | B21: 45568 | C21: -1.239 | D21: 0.467 | E21: -0.219 | F21: 0.471 | G21: 3 | H21: =IF(C21="","",-C21) -> 1.239 | I21: =IF(H21="","",IF(H21<0,TRUNC(IF(H21="","",H21),1),ROUNDUP(IF(H21="","",H21),1))) -> 1.3 | J21: =IF(E21="","",-E21) -> 0.219 | K21: =IF(J21="","",IF(J21<0,TRUNC(IF(J21="","",J21),1),ROUNDUP(IF(J21="","",J21),1))) -> 0.3 | L21: =IF(K21="","",Constants!$A$3+K21) -> -0.7 | M21: =IF(I21="","",I21) -> 1.3 | N21: YES
A22: 2411 | B22: 45596 | C22: -0.184 | D22: 0.778 | E22: 0.847 | F22: 0.786 | G22: 116 | H22: =IF(C22="","",-C22) -> 0.184 | I22: =IF(H22="","",IF(H22<0,TRUNC(IF(H22="","",H22),1),ROUNDUP(IF(H22="","",H22),1))) -> 0.2 | J22: =IF(E22="","",-E22) -> -0.847 | K22: =IF(J22="","",IF(J22<0,TRUNC(IF(J22="","",J22),1),ROUNDUP(IF(J22="","",J22),1))) -> -0.8 | L22: =IF(K22="","",Constants!$A$3+K22) -> -1.8 | M22: =IF(I22="","",I22) -> 0.2 | N22: YES
A23: 2412 | B23: 45624 | C23: 0.005 | D23: 0.691 | E23: 1.038 | F23: 0.699 | G23: 94 | H23: =IF(C23="","",-C23) -> -0.005 | I23: =IF(H23="","",IF(H23<0,TRUNC(IF(H23="","",H23),1),ROUNDUP(IF(H23="","",H23),1))) -> 0 | J23: =IF(E23="","",-E23) -> -1.038 | K23: =IF(J23="","",IF(J23<0,TRUNC(IF(J23="","",J23),1),ROUNDUP(IF(J23="","",J23),1))) -> -1 | L23: =IF(K23="","",Constants!$A$3+K23) -> -2 | M23: =IF(I23="","",I23) -> 0 | N23: NO
A24: 2413 | B24: 45652 | C24: -0.192 | D24: 0.73 | E24: 0.838 | F24: 0.737 | G24: 91 | H24: =IF(C24="","",-C24) -> 0.192 | I24: =IF(H24="","",IF(H24<0,TRUNC(IF(H24="","",H24),1),ROUNDUP(IF(H24="","",H24),1))) -> 0.2 | J24: =IF(E24="","",-E24) -> -0.838 | K24: =IF(J24="","",IF(J24<0,TRUNC(IF(J24="","",J24),1),ROUNDUP(IF(J24="","",J24),1))) -> -0.8 | L24: =IF(K24="","",Constants!$A$3+K24) -> -1.8 | M24: =IF(I24="","",I24) -> 0.2 | N24: NO
A25: 2501 | B25: 45680 | C25: 0.197 | D25: 0.812 | E25: 1.231 | F25: 0.821 | G25: 76 | H25: =IF(C25="","",-C25) -> -0.197 | I25: =IF(H25="","",IF(H25<0,TRUNC(IF(H25="","",H25),1),ROUNDUP(IF(H25="","",H25),1))) -> -0.1 | J25: =IF(E25="","",-E25) -> -1.231 | K25: =IF(J25="","",IF(J25<0,TRUNC(IF(J25="","",J25),1),ROUNDUP(IF(J25="","",J25),1))) -> -1.2 | L25: =IF(K25="","",Constants!$A$3+K25) -> -2.2 | M25: -0.2 | N25: YES
A26: 2502 | B26: 45708 | C26: 0.218 | D26: 0.943 | E26: 1.253 | F26: 0.952 | G26: 40 | H26: =IF(C26="","",-C26) -> -0.218 | I26: =IF(H26="","",IF(H26<0,TRUNC(IF(H26="","",H26),1),ROUNDUP(IF(H26="","",H26),1))) -> -0.2 | J26: =IF(E26="","",-E26) -> -1.253 | K26: =IF(J26="","",IF(J26<0,TRUNC(IF(J26="","",J26),1),ROUNDUP(IF(J26="","",J26),1))) -> -1.2 | L26: =IF(K26="","",Constants!$A$3+K26) -> -2.2 | M26: =IF(I26="","",I26) -> -0.2 | N26: NO
A27: 2503 | B27: 45736 | C27: 0.218 | D27: 0.943 | E27: 1.253 | F27: 0.952 | G27: 40 | H27: =IF(C27="","",-C27) -> -0.218 | I27: =IF(H27="","",IF(H27<0,TRUNC(IF(H27="","",H27),1),ROUNDUP(IF(H27="","",H27),1))) -> -0.2 | J27: =IF(E27="","",-E27) -> -1.253 | K27: =IF(J27="","",IF(J27<0,TRUNC(IF(J27="","",J27),1),ROUNDUP(IF(J27="","",J27),1))) -> -1.2 | L27: =IF(K27="","",Constants!$A$3+K27) -> -2.2 | M27: =IF(I27="","",I27) -> -0.2 | N27: NO | O27: FHRMI was AOG during the whole airac cycle, we keep the values of 2501
A28: 2504 | B28: 45764 | C28: 0.153 | D28: 0.923 | E28: 1.187 | F28: 0.932 | G28: 70 | H28: =IF(C28="","",-C28) -> -0.153 | I28: =IF(H28="","",IF(H28<0,TRUNC(IF(H28="","",H28),1),ROUNDUP(IF(H28="","",H28),1))) -> -0.1 | J28: =IF(E28="","",-E28) -> -1.187 | K28: =IF(J28="","",IF(J28<0,TRUNC(IF(J28="","",J28),1),ROUNDUP(IF(J28="","",J28),1))) -> -1.1 | L28: =IF(K28="","",Constants!$A$3+K28) -> -2.1 | M28: =IF(I28="","",I28) -> -0.1 | N28: YES
A29: 2505 | B29: 45792 | C29: -0.155 | D29: 0.713 | E29: 0.876 | F29: 0.72 | G29: 66 | H29: =IF(C29="","",-C29) -> 0.155 | I29: =IF(H29="","",IF(H29<0,TRUNC(IF(H29="","",H29),1),ROUNDUP(IF(H29="","",H29),1))) -> 0.2 | J29: =IF(E29="","",-E29) -> -0.876 | K29: =IF(J29="","",IF(J29<0,TRUNC(IF(J29="","",J29),1),ROUNDUP(IF(J29="","",J29),1))) -> -0.8 | L29: =IF(K29="","",Constants!$A$3+K29) -> -1.8 | M29: =IF(I29="","",I29) -> 0.2 | N29: YES
A30: 2506 | B30: 45820 | C30: -0.035 | D30: 0.802 | E30: 0.998 | F30: 0.81 | G30: 68 | H30: =IF(C30="","",-C30) -> 0.035 | I30: =IF(H30="","",IF(H30<0,TRUNC(IF(H30="","",H30),1),ROUNDUP(IF(H30="","",H30),1))) -> 0.1 | J30: =IF(E30="","",-E30) -> -0.998 | K30: =IF(J30="","",IF(J30<0,TRUNC(IF(J30="","",J30),1),ROUNDUP(IF(J30="","",J30),1))) -> -0.9 | L30: =IF(K30="","",Constants!$A$3+K30) -> -1.9 | M30: =IF(I30="","",I30) -> 0.1 | N30: YES | O30: engine wash
A31: 2507 | B31: 45848 | C31: -0.097 | D31: 0.757 | E31: 0.935 | F31: 0.765 | G31: 70 | H31: =IF(C31="","",-C31) -> 0.097 | I31: =IF(H31="","",IF(H31<0,TRUNC(IF(H31="","",H31),1),ROUNDUP(IF(H31="","",H31),1))) -> 0.1 | J31: =IF(E31="","",-E31) -> -0.935 | K31: =IF(J31="","",IF(J31<0,TRUNC(IF(J31="","",J31),1),ROUNDUP(IF(J31="","",J31),1))) -> -0.9 | L31: =IF(K31="","",Constants!$A$3+K31) -> -1.9 | M31: =IF(I31="","",I31) -> 0.1 | N31: NO
A32: 2508 | B32: 45876 | C32: 0.016 | D32: 0.741 | E32: 1.049 | F32: 0.749 | G32: 75 | H32: =IF(C32="","",-C32) -> -0.016 | I32: =IF(H32="","",IF(H32<0,TRUNC(IF(H32="","",H32),1),ROUNDUP(IF(H32="","",H32),1))) -> 0 | J32: =IF(E32="","",-E32) -> -1.049 | K32: =IF(J32="","",IF(J32<0,TRUNC(IF(J32="","",J32),1),ROUNDUP(IF(J32="","",J32),1))) -> -1 | L32: =IF(K32="","",Constants!$A$3+K32) -> -2 | M32: =IF(I32="","",I32) -> 0 | N32: NO
A33: 2509 | B33: 45904 | C33: 0.102 | D33: 0.769 | E33: 1.136 | F33: 0.776 | G33: 94 | H33: =IF(C33="","",-C33) -> -0.102 | I33: =IF(H33="","",IF(H33<0,TRUNC(IF(H33="","",H33),1),ROUNDUP(IF(H33="","",H33),1))) -> -0.1 | J33: =IF(E33="","",-E33) -> -1.136 | K33: =IF(J33="","",IF(J33<0,TRUNC(IF(J33="","",J33),1),ROUNDUP(IF(J33="","",J33),1))) -> -1.1 | L33: =IF(K33="","",Constants!$A$3+K33) -> -2.1 | M33: =IF(I33="","",I33) -> -0.1 | N33: YES
A34: 2510 | B34: 45929 | C34: 0.17 | D34: 0.717 | E34: 1.204 | F34: 0.725 | G34: 105 | H34: =IF(C34="","",-C34) -> -0.17 | I34: =IF(H34="","",IF(H34<0,TRUNC(IF(H34="","",H34),1),ROUNDUP(IF(H34="","",H34),1))) -> -0.1 | J34: =IF(E34="","",-E34) -> -1.204 | K34: =IF(J34="","",IF(J34<0,TRUNC(IF(J34="","",J34),1),ROUNDUP(IF(J34="","",J34),1))) -> -1.2 | L34: =IF(K34="","",Constants!$A$3+K34) -> -2.2 | M34: =IF(I34="","",I34) -> -0.1 | N34: NO
A35: 2511 | B35: 45960 | C35: -0.053 | D35: 0.946 | E35: 0.979 | F35: 0.956 | G35: 87 | H35: =IF(C35="","",-C35) -> 0.053 | I35: =IF(H35="","",IF(H35<0,TRUNC(IF(H35="","",H35),1),ROUNDUP(IF(H35="","",H35),1))) -> 0.1 | J35: =IF(E35="","",-E35) -> -0.979 | K35: =IF(J35="","",IF(J35<0,TRUNC(IF(J35="","",J35),1),ROUNDUP(IF(J35="","",J35),1))) -> -0.9 | L35: =IF(K35="","",Constants!$A$3+K35) -> -1.9 | M35: =IF(I35="","",I35) -> 0.1 | N35: NO
A36: 2512 | B36: 45988 | C36: -0.057 | D36: 0.893 | E36: 0.975 | F36: 0.902 | G36: 98 | H36: =IF(C36="","",-C36) -> 0.057 | I36: =IF(H36="","",IF(H36<0,TRUNC(IF(H36="","",H36),1),ROUNDUP(IF(H36="","",H36),1))) -> 0.1 | J36: =IF(E36="","",-E36) -> -0.975 | K36: =IF(J36="","",IF(J36<0,TRUNC(IF(J36="","",J36),1),ROUNDUP(IF(J36="","",J36),1))) -> -0.9 | L36: =IF(K36="","",Constants!$A$3+K36) -> -1.9 | M36: =IF(I36="","",I36) -> 0.1 | N36: YES

Sheet Constants
A1: Basic Perf Factor
A2: F-HMRI
A3: -1

Sheet Engine details
A1: Aircraft | B1: Engine | C1: Engine wash cycles (in FC - Flight Cycles) | D1: SN | E1: Days installed | F1: Years installed2 | G1: Flight hours | H1: Landings
A2: FHMRB | B2: GE90-110B1 engines | C2: Every 500FC
B3: LH engine | D3: 901620 | E3: 1044 | F3: =Tableau7[[#This Row],[Days installed]]/365 -> 2.860274 | G3: 14618:41 | H3: 1538
B4: RH engine | D4: 901621 | E4: 1044 | F4: =Tableau7[[#This Row],[Days installed]]/365 -> 2.860274 | G4: 14618:41 | H4: 1538
A5: FHMRF | B5: GE90-110B1 engines | C5: Every 500FC
B6: LH engine | D6: 901629 | E6: 1036 | F6: =Tableau7[[#This Row],[Days installed]]/365 -> 2.8383562 | G6: 14118:37 | H6: 1643
B7: RH engine | D7: 901630 | E7: 1036 | F7: =Tableau7[[#This Row],[Days installed]]/365 -> 2.8383562 | G7: 14118:37 | H7: 1643
A8: FHMRI | B8: RB211-TRENT-772B-60/16 engines | C8: Every 300FC
B9: LH engine - since fit | D9: 42685 | E9: 515 | F9: =Tableau7[[#This Row],[Days installed]]/365 -> 1.4109589 | G9: 200.38611 | H9: 854
B10: LH engine - since new | D10: 42685 | E10: 3191 | F10: =Tableau7[[#This Row],[Days installed]]/365 -> 8.7424658 | G10: 36592:07 | H10: 7488
B11: RH engine - since fit | D11: 42491 | E11: 96 | F11: =Tableau7[[#This Row],[Days installed]]/365 -> 0.2630137 | G11: 35.615972 | H11: 107
B12: RH engine - since new | D12: 42491 | E12: 3792 | F12: =Tableau7[[#This Row],[Days installed]]/365 -> 10.389041 | G12: 37931:34 | H12: 8338
